John Smith;mmmm
sss Meyers;eeeee
John Smith;mmmm
sss Meyers;eeeee
John Smith;mmmm
sss Meyers;eeeee
John Smith;mmmm
sss Meyers;eeeee
Enter Username;1545e945d5c3e7d9fa642d0a57fc8432
ddd;8f60c8102d29fcd525162d02eed4566b
aaa;65ba841e01d6db7733e90a5b7f9e6f80
rreee;84c23cc703619245d8f3f39f162b7e1747c4f48fb687ee2c178380dbabcf103e9d61c590558d418e073c972a69dd06741ec26d530020fdafd4085341a09d6ec7
sss;f5ec3b2ca38551d68f2c9edba93d99737d4d7c6d8f97315da8061f9558c55663252eb69741c5194c507f01ab24877e430230fe80fc9be2c1099548d0309f16a5
fqsqd;ed56d12f4503f8801e82b664d651bb16e25cec3fd8ff6c44d11a4b5ce46e6efb1aa58b029f8a4260d1e4d1793c23a562b4aa35de00ac330ad61840e9ad44bd31
dddd;e524ccd3ddf10b82db1c2f36d38ceeda6ed76eecb56d3cb326cd298d96706deef8cb895322343edb5069a068223c590cee6a821fc424a7e785b03d6c82b9e79d
ffff;e524ccd3ddf10b82db1c2f36d38ceeda6ed76eecb56d3cb326cd298d96706deef8cb895322343edb5069a068223c590cee6a821fc424a7e785b03d6c82b9e79d
ffffdddd;e524ccd3ddf10b82db1c2f36d38ceeda6ed76eecb56d3cb326cd298d96706deef8cb895322343edb5069a068223c590cee6a821fc424a7e785b03d6c82b9e79d
ffffddddd;856a307f2c7f3b6b52198a7d2bb3843ad397e09b0bbba9dd140af2da8e6bbd3f528952110a09ac77167ba77bf2c3e3a393d7b47432aba9827843e51adb22780f
ee;b9d643d4654fafa73a94232a66c1911783439d355129611033b4809fc7d2a30e40857be5f5d625d72456132c812b24c18d6342e4baaa08342d3aaa2179a875c7
   f;16b7aa7f7e549ba129c776bb91ce1e692da103271242d44a9bc145cf338450c90132496ead2530f527b1bd7f50544f37e7d27a2d2bbb58099890aa320f40aca9
fff;3971ebf11a18bce250a282e6ff78739c9a0f7bcb9bc3552fe9cd8191e4a4da573bb38983a47b2a86a63bfc4e41d3361d5d6ae1a1480bf3f27f730cc75fbc84de
ttttt;3971ebf11a18bce250a282e6ff78739c9a0f7bcb9bc3552fe9cd8191e4a4da573bb38983a47b2a86a63bfc4e41d3361d5d6ae1a1480bf3f27f730cc75fbc84de
tt;3e181257ea477ec94c71d9e9acef7d5810855f64deb03e6ab3c163c1a3a04c9bd9ae4c2b24ad1f31bf22d68283c393be80dea0a0cab2d2dafa9ac47a5ebb8f83
yy;9188f6a73eafd558d4d99d1f4cbc314e2df91070b8d884e4827fe3c4adc43ecb80daf523c5a635f84cf62c787f57346b81a734df591b0439db6cabe8315932ce
